{"cameraMode":{"drawMode":0,"name":"Shaded","section":"Shading Mode"},"sceneLighting":true,"audioPlay":false,"sceneViewState":{"showFog":true,"showMaterialUpdate":true,"showSkybox":true,"showFlares":true,"showImageEffects":true,"showParticleSystems":true},"in2DMode":false,"pivot":{"x":1.4987854957580567,"y":6.262117862701416,"z":-2.7539751529693605},"rotation":{"x":0.02969696745276451,"y":-0.021556802093982698,"z":0.0004851922276429832,"w":0.9994497299194336},"size":12.381040573120118,"orthographic":true}